molecule,n_heavy,n_atoms,n_rot_bonds,n_rings,n_aromatic_rings,max_ring_size,is_macrocycle,mol_wt,tpsa,hbd,hba,formal_charge,frac_hetero,frac_c_sp3,frac_rot_bonds,etflow_n_confs,etflow_avg_delta,etflow_gap_vs_gt,etkdgv3_n_confs,etkdgv3_avg_delta,etkdgv3_gap_vs_gt,lyrebird_n_confs,lyrebird_avg_delta,lyrebird_gap_vs_gt,torsional_diffusion_n_confs,torsional_diffusion_avg_delta,torsional_diffusion_gap_vs_gt,best_method,best_gap
C=C1C[C@@]23CC[C@H]4[C@@](C)(CCC[C@@]4(C)C(=O)O[C@@H]4O[C@H](CO)[C@@H](O)[C@H](O)[C@H]4O)[C@@H]2CC[C@]1(O[C@@H]1O[C@H](CO)[C@@H](O)[C@H](O[C@@H]2O[C@H](CO)[C@@H](O)[C@H](O)[C@H]2O)[C@H]1O[C@@H]1O[C@H](CO)[C@@H](O)[C@H](O)[C@H]1O)C3,67.0,67.0,12.0,8.0,0.0,6.0,False,966.4307885000002,374.13000000000005,14.0,23.0,0.0,0.34328358208955223,0.9318181818181818,0.18181818181818182,118,-5.930432161016951,0.02483399999999847,118,-0.27710391525423705,0.0398619999999994,115,-5.478093226086956,0.02033000000000129,117,-6.4277735128205125,0.011369000000001961,torsional_diffusion,0.011369000000001961
CC(C)(C)c1cc(CCC(=O)NCCCCCCNC(=O)CCc2cc(C(C)(C)C)c(O)c(C(C)(C)C)c2)cc(C(C)(C)C)c1O,46.0,46.0,13.0,2.0,2.0,6.0,False,636.4866085279999,98.66000000000001,4.0,4.0,0.0,0.13043478260869565,0.65,0.28888888888888886,1147,-5.357075017436791,-7.000000002221896e-05,1149,-0.16361590513490026,0.004721999999986792,1150,-5.119129953913043,-0.002652000000011867,1152,-2.074913972222222,-0.0007310000000018135,lyrebird,-0.002652000000011867
CC(C)(C)c1cc(CCC(=O)OCCSCCOC(=O)CCc2cc(C(C)(C)C)c(O)c(C(C)(C)C)c2)cc(C(C)(C)C)c1O,45.0,45.0,12.0,2.0,2.0,6.0,False,642.395410576,93.06,2.0,7.0,0.0,0.15555555555555556,0.631578947368421,0.2727272727272727,1039,-4.903906002887392,-0.007257000000009839,1040,-0.1537674432692306,0.003399000000001706,1038,-4.908422119460502,-0.007352999999994836,1040,-2.3003577240384616,-0.03419900000000098,torsional_diffusion,-0.03419900000000098
CC1=C(_C=C_C(C)=C_C=C_C(C)=C_C(=O)Oc2c(C)c(C)c3c(c2C)CC[C@@](C)(CCC[C@H](C)CCC[C@H](C)CCCC(C)C)O3)C(C)(C)CCC1,,,,,,,,,,,,,,,,781,-2.8812776927016643,-0.0006689999999878182,788,-0.21777120812182846,0.01378800000000524,782,-2.7681727877237856,0.0013959999999997308,787,-0.970553883100381,-0.029381000000000768,torsional_diffusion,-0.029381000000000768
CCCCCCCCCCCCCCCCCC(=O)OCC(=O)OCC(=O)[C@@]1(O)CC[C@H]2[C@@H]3CCC4=CC(=O)C=C[C@]4(C)[C@H]3[C@@H](O)C[C@@]21C,49.0,49.0,21.0,4.0,0.0,6.0,False,684.4601190079999,127.20000000000003,2.0,8.0,0.0,0.16326530612244897,0.8048780487804879,0.4375,1039,-2.741410035611164,-0.04207199999999034,1040,-0.18664599134615398,0.014016999999995505,1039,-2.7892917131857553,-0.030191999999999553,1040,-1.9507503836538465,-0.011399000000011483,etflow,-0.04207199999999034
CCCCCCCCCCCCCCCCCC(=O)OCCCCCCCCCCCCCC(C)C,36.0,36.0,30.0,0.0,0.0,0.0,False,508.52193141600003,26.3,0.0,2.0,0.0,0.05555555555555555,0.9705882352941176,0.8571428571428571,708,-0.20673599999999998,0.003304999999997449,712,-0.16423605477528094,0.02006099999999833,704,-0.17603669886363607,6.599999998968542e-05,705,-1.095180739007092,0.007550999999992314,lyrebird,6.599999998968542e-05
CCCCCCCCCCCCCC[P+](CCCCCC)(CCCCCC)CCCCCC,33.0,33.0,28.0,0.0,0.0,0.0,False,483.50531522609003,0.0,0.0,0.0,1.0,0.030303030303030304,1.0,0.875,2501,-0.45155350539784106,-0.30197599999999625,2500,-0.16421154839999988,0.008561000000000263,2500,-0.43046897320000005,-0.3020489999999967,2499,-0.4176968303321329,0.001010000000007949,lyrebird,-0.3020489999999967
CCCCCCCC_C=C\CCCCCCCC(=O)OCCOC(=O)CCCCCCC_C=C\CCCCCCCC,,,,,,,,,,,,,,,,651,-3.1376720568356373,-0.03055100000000266,658,-0.1661949133738601,0.020451000000008435,652,-3.7436157131901844,-0.031185999999991054,655,-2.036789548091603,-0.04168400000000361,torsional_diffusion,-0.04168400000000361
CCCCCC[C@H]1OC(=O)CNC(=O)[C@@H]([C@H](C)O)NC(=O)[C@H](CO)NC(=O)[C@H]([C@H](C)CC)NC(=O)[C@H](CC(C)C)N(C)C(=O)[C@@H]1C,46.0,46.0,11.0,1.0,0.0,19.0,True,655.4156284039999,203.46999999999997,6.0,9.0,0.0,0.30434782608695654,0.8125,0.24444444444444444,708,-7.8687374152542375,-0.023381999999998015,708,-0.24957785451977446,-0.009912000000014132,708,-7.244415450564972,-0.008461000000011154,706,-1.7022487025495754,0.01780500000000984,etflow,-0.023381999999998015
CC[C@@H]1_C=C(_C)C[C@H](C)C[C@H](OC)[C@H]2O[C@@](O)(C(=O)C(=O)N3CCCC[C@H]3C(=O)O[C@H](_C(C)=C_[C@@H]3CC[C@H](Cl)[C@H](OC)C3)[C@H](C)[C@@H](O)CC1=O)[C@H](C)C[C@@H]2OC,,,,,,,,,,,,,,,,554,-8.286075584837546,-0.044534999999996217,556,-0.26106310431654695,0.011953000000005432,556,-7.861558818345324,-2.7117859999999894,547,-2.04760989213894,-8.593255,torsional_diffusion,-8.593255
CC[C@H](C)[C@@H]1NC(=O)[C@H](Cc2ccc(O)cc2)NC(=O)[C@@H](N)CSSC[C@@H](C(=O)N2CCC[C@H]2C(=O)N[C@@H](CC(C)C)C(=O)NCC(N)=O)NC(=O)[C@H](CC(N)=O)NC(=O)[C@H](CCC(N)=O)NC1=O,69.0,69.0,17.0,3.0,1.0,20.0,True,1006.4364575520001,399.5299999999999,12.0,15.0,0.0,0.37681159420289856,0.6046511627906976,0.25,470,-9.669536902127659,0.005912999999992508,470,-0.4196328553191485,0.020023000000009006,470,-9.179771553191491,0.007980000000003429,469,-6.522220573560769,0.030346000000008644,etflow,0.005912999999992508
CC[C@H]1OC(=O)[C@H](C)[C@@H](O[C@H]2C[C@@](C)(OC)[C@@H](O)[C@H](C)O2)[C@H](C)[C@@H](O[C@@H]2O[C@H](C)C[C@H](N(C)C)[C@H]2O)[C@](C)(O)C[C@@H](C)[C@@H]2N[C@@H](COCCOC)O[C@@H]([C@H]2C)[C@]1(C)O,58.0,58.0,12.0,4.0,0.0,14.0,True,834.545305176,196.32999999999998,5.0,16.0,0.0,0.27586206896551724,0.9761904761904762,0.21052631578947367,646,-8.968522371517029,0.013003000000026077,646,-0.34340600773993835,0.016871000000008962,645,-9.195133260465116,0.004164000000002943,641,-6.783168648985958,0.004721000000017739,lyrebird,0.004164000000002943
CC[C@H]1OC(=O)[C@H](C)[C@@H](O[C@H]2C[C@@](C)(OC)[C@@H](O)[C@H](C)O2)[C@H](C)[C@@H](O[C@@H]2O[C@H](C)C[C@H](N(C)C)[C@H]2O)[C@](C)(O)C[C@](C)(F)C(=O)[C@H](C)[C@@H](O)[C@]1(C)O,52.0,52.0,7.0,3.0,0.0,14.0,True,751.4518193920001,193.91,5.0,14.0,0.0,0.28846153846153844,0.9459459459459459,0.13725490196078433,372,-3.3753752715053764,0.00772800000001439,246,-0.3117586747967482,0.01756399999999303,245,-3.713028085714286,-0.037916999999993095,245,-5.541253187755102,0.012941000000012082,lyrebird,-0.037916999999993095
CCn1c(C)c(C(=O)O)c(-c2cccc(N3CCN(c4ccc(NS(=O)(=O)c5ccc(N[C@H](CCN6CCC(O)CC6)CSc6ccccc6)c(S(=O)(=O)C(F)(F)F)c5)cc4)CC3)c2)c1-c1ccc(Cl)cc1,72.0,72.0,18.0,8.0,6.0,6.0,False,1064.3013234720001,164.51999999999998,4.0,12.0,0.0,0.2777777777777778,0.3269230769230769,0.2535211267605634,148,-11.364729851351349,-3.2828449999999805,154,-0.21958560389610332,0.033806999999995924,147,-15.857990176870747,-0.027722999999980402,149,-4.392273912751678,0.01645700000000261,etflow,-3.2828449999999805
CN(CCN(C)CN_C(O)=C1\C(=O)[C@@H](N(C)C)[C@@H]2C[C@H]3C(=C(O)c4c(O)cccc4[C@@]3(C)O)C(=O)[C@]2(O)C1=O)CN_C(O)=C1\C(=O)[C@@H](N(C)C)[C@@H]2C[C@H]3C(=C(O)c4c(O)cccc4[C@@]3(C)O)C(=O)[C@]2(O)C1=O,,,,,,,,,,,,,,,,502,-10.236586173306772,-0.009012000000012677,502,-0.422263378486056,0.026554000000004407,502,-8.487971984063744,0.01096100000000888,501,-5.298078045908184,0.007871999999991885,etflow,-0.009012000000012677
CO[C@H](C(=O)[C@@H](O)[C@@H](C)O)[C@@H]1Cc2cc3cc(O[C@H]4C[C@@H](O[C@H]5C[C@@H](O)[C@H](O)[C@@H](C)O5)[C@H](O)[C@@H](C)O4)c(C)c(O)c3c(O)c2C(=O)[C@H]1O[C@H]1C[C@@H](O[C@H]2C[C@@H](O[C@H]3C[C@](C)(O)[C@H](O)[C@@H](C)O3)[C@H](O)[C@@H](C)O2)[C@H](O)[C@@H](C)O1,76.0,76.0,15.0,8.0,2.0,6.0,False,1084.4726533120004,358.20000000000005,11.0,24.0,0.0,0.3157894736842105,0.7692307692307693,0.2,285,-7.659243592982456,0.01137600000001271,286,-0.3409567587412589,0.024909000000008064,285,-7.9492195859649115,0.0031060000000024957,286,-8.573288835664336,0.025936000000001513,lyrebird,0.0031060000000024957
C[C@@H]1NC(=O)[C@@H]2CCCN2C(=O)[C@H](CC(N)=O)NC(=O)[C@@H]2CSSC[C@H](N)C(=O)N[C@H]3CSSC[C@H](NC1=O)C(=O)N[C@@H]([C@@H](C)O)C(=O)NCC(=O)N[C@H](C(=O)N[C@@H](Cc1ccc(O)cc1)C(=O)O)CSSC[C@H](NC(=O)[C@H](Cc1ccc(O)cc1)NC(=O)[C@H](CCC(=O)O)NC3=O)C(=O)N2,101.0,101.0,13.0,6.0,2.0,28.0,True,1525.3899205479993,573.9099999999999,19.0,26.0,0.0,0.4158415841584158,0.5254237288135594,0.13,173,-38.37873276300578,0.10859699999997474,186,-0.5853338548387099,0.005533000000013999,175,-42.278200057142854,0.0744540000000029,186,-5.474457489247312,0.08723800000001347,etkdgv3,0.005533000000013999
C[C@H]1CC[C@]2(NC1)O[C@H]1C[C@H]3[C@@H]4CC[C@H]5C[C@@H](O[C@@H]6O[C@H](CO)[C@H](O[C@@H]7O[C@H](CO)[C@@H](O)[C@H](O[C@@H]8OC[C@@H](O)[C@H](O)[C@H]8O)[C@H]7O[C@@H]7O[C@H](CO)[C@@H](O)[C@H](O)[C@H]7O)[C@H](O)[C@H]6O)CC[C@]5(C)[C@H]4CC[C@]3(C)[C@H]1[C@@H]2C,72.0,72.0,11.0,10.0,0.0,6.0,False,1033.545758676,337.86,13.0,22.0,0.0,0.3055555555555556,1.0,0.15492957746478872,506,-16.38625442687747,-0.0010690000000010969,508,-0.3051509192913382,0.019307999999995218,503,-14.700284045725645,0.014227000000005319,506,-9.255495915019763,0.01241799999999671,etflow,-0.0010690000000010969
O=C(CCCCCCCCCCCCC1CCCC1)Nc1ccc(S(=O)(=O)c2ccc(NC(=O)CCCCCCCCCCCCC3CCCC3)cc2)cc1,55.0,55.0,30.0,4.0,2.0,6.0,False,776.5525799119999,92.34,2.0,4.0,0.0,0.12727272727272726,0.7083333333333334,0.5555555555555556,745,-5.852907332885906,0.004422999999974309,712,-0.2154217851123597,0.025871999999992568,748,-6.200505878342246,0.0019479999999987285,748,-4.424241487967914,0.004147999999986496,lyrebird,0.0019479999999987285
O=S(=O)([O-])c1ccc(Nc2nc(Nc3ccc(_C=C_c4ccc(Nc5nc(Nc6ccc(S(=O)(=O)[O-])cc6)nc(N(CCO)CCO)n5)cc4S(=O)(=O)[O-])c(S(=O)(=O)[O-])c3)nc(N(CCO)CCO)n2)cc1,,,,,,,,,,,,,,,,102,-5.659894392156864,0.6568680000000029,102,-0.44631272549019585,0.00960799999998585,102,-4.595724921568628,0.6933630000000051,102,-2.5582879607843116,0.019372000000004164,etkdgv3,0.00960799999998585
